{
    "summary_statistics": {
        "order_id": {
            "count": 34.0,
            "mean": 16.5,
            "std": 9.958246164193104,
            "min": 0.0,
            "25%": 8.25,
            "50%": 16.5,
            "75%": 24.75,
            "max": 33.0
        },
        "Number of products": {
            "count": 34.0,
            "mean": 24.705882352941178,
            "std": 19.210996553843852,
            "min": 3.0,
            "25%": 12.0,
            "50%": 19.0,
            "75%": 30.0,
            "max": 70.0
        },
        "total_distance": {
            "count": 34.0,
            "mean": 443.11764705882354,
            "std": 191.10599386535628,
            "min": 132.0,
            "25%": 323.0,
            "50%": 411.0,
            "75%": 520.0,
            "max": 940.0
        },
        "execution_time": {
            "count": 34.0,
            "mean": 12.669193569351645,
            "std": 13.047570381795866,
            "min": 0.01591634750366211,
            "25%": 0.20960402488708496,
            "50%": 11.624842405319214,
            "75%": 19.229922592639923,
            "max": 42.29546880722046
        }
    },
    "algorithm_counts": {
        "Simmulated Annealing": 16,
        "Dynamic Programming": 10,
        "Brute Force": 8
    },
    "average_total_distance": 443.11764705882354,
    "average_execution_time": 12.669193569351645,
    "correlation_num_products_total_distance": 0.9693371437162601,
    "correlation_num_products_execution_time": 0.9149170794807069,
    "percentage_following_regla_de_oro": 100.0,
    "Average execution time per algorithm": {
        "Brute Force": 1.581236332654953,
        "Dynamic Programming": 6.914727830886841,
        "Simmulated Annealing": 21.809713274240494
    }
}