{
    "summary_statistics": {
        "Number of products": {
            "count": 170.0,
            "mean": 24.705882352941178,
            "std": 18.98228606169681,
            "min": 3.0,
            "25%": 12.0,
            "50%": 19.0,
            "75%": 30.0,
            "max": 70.0
        },
        "total_distance": {
            "count": 170.0,
            "mean": 438.22352941176473,
            "std": 191.83627613029958,
            "min": 88.0,
            "25%": 297.0,
            "50%": 411.0,
            "75%": 545.0,
            "max": 928.0
        },
        "execution_time": {
            "count": 170.0,
            "mean": 6.1205154489068425,
            "std": 6.587157075702699,
            "min": 0.008417844772338867,
            "25%": 0.055864036083221436,
            "50%": 5.776829481124878,
            "75%": 10.155936598777771,
            "max": 33.866878271102905
        }
    },
    "algorithm_counts": {
        "Simmulated Annealing": 80,
        "Dynamic Programming": 50,
        "Brute Force": 40
    },
    "average_total_distance": 438.22352941176473,
    "average_execution_time": 6.1205154489068425,
    "correlation_num_products_total_distance": 0.9624628463735526,
    "correlation_num_products_execution_time": 0.8474574950936895,
    "percentage_following_regla_de_oro": 100.0,
    "average_execution_time_per_algorithm": {
        "Brute Force": 0.01108037233352661,
        "Dynamic Programming": 3.943867287635803,
        "Simmulated Annealing": 10.5356380879879
    },
    "number_of_gondolas (nodes)": 92,
    "total_number_of_products": 270
}