{
    "summary_statistics": {
        "Number of products": {
            "count": 68.0,
            "mean": 24.705882352941178,
            "std": 19.067091931708447,
            "min": 3.0,
            "25%": 12.0,
            "50%": 19.0,
            "75%": 30.0,
            "max": 70.0
        },
        "total_distance": {
            "count": 68.0,
            "mean": 642.7352941176471,
            "std": 307.872023114037,
            "min": 110.0,
            "25%": 420.0,
            "50%": 595.0,
            "75%": 754.5,
            "max": 1336.0
        },
        "execution_time": {
            "count": 68.0,
            "mean": 14.114423495881697,
            "std": 14.498349347143234,
            "min": 0.10980582237243652,
            "25%": 0.39236772060394287,
            "50%": 12.289429426193237,
            "75%": 23.935588598251343,
            "max": 66.74474382400513
        }
    },
    "algorithm_counts": {
        "Simmulated Annealing": 32,
        "Dynamic Programming": 20,
        "Brute Force": 16
    },
    "average_total_distance": 642.7352941176471,
    "average_execution_time": 14.114423495881697,
    "correlation_num_products_total_distance": 0.9761856246180182,
    "correlation_num_products_execution_time": 0.8210832203523222,
    "percentage_following_regla_de_oro": 100.0,
    "average_execution_time_per_algorithm": {
        "Brute Force": 2.9958071410655975,
        "Dynamic Programming": 8.99331384897232,
        "Simmulated Annealing": 22.87442520260811
    },
    "number_of_gondolas (nodes)": 216,
    "total_number_of_products": 642
}