{
    "summary_statistics": {
        "Number of products": {
            "count": 68.0,
            "mean": 24.705882352941178,
            "std": 19.067091931708447,
            "min": 3.0,
            "25%": 12.0,
            "50%": 19.0,
            "75%": 30.0,
            "max": 70.0
        },
        "total_distance": {
            "count": 68.0,
            "mean": 541.5,
            "std": 264.9393904216867,
            "min": 150.0,
            "25%": 368.0,
            "50%": 485.0,
            "75%": 718.5,
            "max": 1116.0
        },
        "execution_time": {
            "count": 68.0,
            "mean": 14.816052110756145,
            "std": 15.356074226019519,
            "min": 0.04688668251037598,
            "25%": 0.26677072048187256,
            "50%": 11.676470041275024,
            "75%": 29.04920780658722,
            "max": 68.34426403045654
        }
    },
    "algorithm_counts": {
        "Simmulated Annealing": 32,
        "Dynamic Programming": 20,
        "Brute Force": 16
    },
    "average_total_distance": 541.5,
    "average_execution_time": 14.816052110756145,
    "correlation_num_products_total_distance": 0.9737433652233958,
    "correlation_num_products_execution_time": 0.8281400825527466,
    "percentage_following_regla_de_oro": 100.0,
    "average_execution_time_per_algorithm": {
        "Brute Force": 2.498243898153305,
        "Dynamic Programming": 8.402765130996704,
        "Simmulated Annealing": 24.983260579407215
    },
    "number_of_gondolas (nodes)": 150,
    "total_number_of_products": 444
}