{
    "summary_statistics": {
        "Number of products": {
            "count": 170.0,
            "mean": 24.705882352941178,
            "std": 18.98228606169681,
            "min": 3.0,
            "25%": 12.0,
            "50%": 19.0,
            "75%": 30.0,
            "max": 70.0
        },
        "total_distance": {
            "count": 170.0,
            "mean": 655.1764705882352,
            "std": 309.45285467349635,
            "min": 144.0,
            "25%": 438.0,
            "50%": 596.0,
            "75%": 780.5,
            "max": 1468.0
        },
        "execution_time": {
            "count": 170.0,
            "mean": 12.653524753626655,
            "std": 13.410058800980176,
            "min": 0.0924525260925293,
            "25%": 0.3156569004058838,
            "50%": 11.613414764404297,
            "75%": 19.92378181219101,
            "max": 68.43518686294556
        }
    },
    "algorithm_counts": {
        "Simmulated Annealing": 80,
        "Dynamic Programming": 50,
        "Brute Force": 40
    },
    "average_total_distance": 655.1764705882352,
    "average_execution_time": 12.653524753626655,
    "correlation_num_products_total_distance": 0.9760841558309384,
    "correlation_num_products_execution_time": 0.851182221221106,
    "percentage_following_regla_de_oro": 100.0,
    "average_execution_time_per_algorithm": {
        "Brute Force": 1.8666266560554505,
        "Dynamic Programming": 7.273382778167725,
        "Simmulated Annealing": 21.409562537074088
    },
    "number_of_gondolas (nodes)": 216,
    "total_number_of_products": 642
}