{
    "summary_statistics": {
        "Number of products": {
            "count": 170.0,
            "mean": 24.705882352941178,
            "std": 18.98228606169681,
            "min": 3.0,
            "25%": 12.0,
            "50%": 19.0,
            "75%": 30.0,
            "max": 70.0
        },
        "total_distance": {
            "count": 170.0,
            "mean": 546.6117647058824,
            "std": 255.55379447898446,
            "min": 124.0,
            "25%": 369.0,
            "50%": 506.0,
            "75%": 663.0,
            "max": 1202.0
        },
        "execution_time": {
            "count": 170.0,
            "mean": 14.061981239038355,
            "std": 14.029754634954811,
            "min": 0.053765296936035156,
            "25%": 0.3898443579673767,
            "50%": 13.224876642227173,
            "75%": 22.861208975315094,
            "max": 79.00224471092224
        }
    },
    "algorithm_counts": {
        "Simmulated Annealing": 80,
        "Dynamic Programming": 50,
        "Brute Force": 40
    },
    "average_total_distance": 546.6117647058824,
    "average_execution_time": 14.061981239038355,
    "correlation_num_products_total_distance": 0.9757780372036103,
    "correlation_num_products_execution_time": 0.8100334895467772,
    "percentage_following_regla_de_oro": 100.0,
    "average_execution_time_per_algorithm": {
        "Brute Force": 1.902013546228409,
        "Dynamic Programming": 8.919382963180542,
        "Simmulated Annealing": 23.35608900785446
    },
    "number_of_gondolas (nodes)": 150,
    "total_number_of_products": 444
}