{
    "summary_statistics": {
        "Number of products": {
            "count": 170.0,
            "mean": 24.705882352941178,
            "std": 18.98228606169681,
            "min": 3.0,
            "25%": 12.0,
            "50%": 19.0,
            "75%": 30.0,
            "max": 70.0
        },
        "total_distance": {
            "count": 170.0,
            "mean": 447.5882352941176,
            "std": 197.72048851029336,
            "min": 92.0,
            "25%": 313.0,
            "50%": 421.0,
            "75%": 570.0,
            "max": 922.0
        },
        "execution_time": {
            "count": 170.0,
            "mean": 15.342093909488005,
            "std": 15.002372467402374,
            "min": 0.01752495765686035,
            "25%": 0.21696358919143677,
            "50%": 15.778545141220093,
            "75%": 27.83637148141861,
            "max": 76.15739822387695
        }
    },
    "algorithm_counts": {
        "Simmulated Annealing": 80,
        "Dynamic Programming": 50,
        "Brute Force": 40
    },
    "average_total_distance": 447.5882352941176,
    "average_execution_time": 15.342093909488005,
    "correlation_num_products_total_distance": 0.9668996567024765,
    "correlation_num_products_execution_time": 0.8707125979273486,
    "percentage_following_regla_de_oro": 100.0,
    "average_execution_time_per_algorithm": {
        "Brute Force": 2.3184742987155915,
        "Dynamic Programming": 7.712856492996216,
        "Simmulated Annealing": 26.62217710018158
    },
    "number_of_gondolas (nodes)": 92,
    "total_number_of_products": 270
}