{
    "summary_statistics": {
        "Number of products": {
            "count": 170.0,
            "mean": 24.705882352941178,
            "std": 18.98228606169681,
            "min": 3.0,
            "25%": 12.0,
            "50%": 19.0,
            "75%": 30.0,
            "max": 70.0
        },
        "total_distance": {
            "count": 170.0,
            "mean": 647.5882352941177,
            "std": 307.0413033957325,
            "min": 160.0,
            "25%": 446.0,
            "50%": 589.0,
            "75%": 781.5,
            "max": 1402.0
        },
        "execution_time": {
            "count": 170.0,
            "mean": 6.279152173154494,
            "std": 7.009547684695728,
            "min": 0.051383018493652344,
            "25%": 0.09944528341293335,
            "50%": 5.815197110176086,
            "75%": 10.15062165260315,
            "max": 35.769243240356445
        }
    },
    "algorithm_counts": {
        "Simmulated Annealing": 80,
        "Dynamic Programming": 50,
        "Brute Force": 40
    },
    "average_total_distance": 647.5882352941177,
    "average_execution_time": 6.279152173154494,
    "correlation_num_products_total_distance": 0.9785672667740226,
    "correlation_num_products_execution_time": 0.8493583620484655,
    "percentage_following_regla_de_oro": 100.0,
    "average_execution_time_per_algorithm": {
        "Brute Force": 0.05452181696891785,
        "Dynamic Programming": 3.947969436645508,
        "Simmulated Annealing": 10.8484565615654
    },
    "number_of_gondolas (nodes)": 216,
    "total_number_of_products": 642
}