{
    "summary_statistics": {
        "order_id": {
            "count": 34.0,
            "mean": 16.5,
            "std": 9.958246164193104,
            "min": 0.0,
            "25%": 8.25,
            "50%": 16.5,
            "75%": 24.75,
            "max": 33.0
        },
        "Number of products": {
            "count": 34.0,
            "mean": 24.705882352941178,
            "std": 19.210996553843852,
            "min": 3.0,
            "25%": 12.0,
            "50%": 19.0,
            "75%": 30.0,
            "max": 70.0
        },
        "total_distance": {
            "count": 34.0,
            "mean": 549.6470588235294,
            "std": 247.22188320725553,
            "min": 216.0,
            "25%": 335.5,
            "50%": 510.0,
            "75%": 684.5,
            "max": 1062.0
        },
        "execution_time": {
            "count": 34.0,
            "mean": 14.959069981294519,
            "std": 15.939649518054603,
            "min": 0.05852150917053223,
            "25%": 0.3088253140449524,
            "50%": 13.06012237071991,
            "75%": 25.263737440109253,
            "max": 60.47844958305359
        }
    },
    "algorithm_counts": {
        "Simmulated Annealing": 16,
        "Dynamic Programming": 10,
        "Brute Force": 8
    },
    "average_total_distance": 549.6470588235294,
    "average_execution_time": 14.959069981294519,
    "correlation_num_products_total_distance": 0.9672363652946171,
    "correlation_num_products_execution_time": 0.8355389108410847,
    "percentage_following_regla_de_oro": 100.0,
    "Average execution time per algorithm": {
        "Brute Force": 1.88054621219635,
        "Dynamic Programming": 8.403076863288879,
        "Simmulated Annealing": 25.59582756459713
    }
}