{
    "summary_statistics": {
        "Number of products": {
            "count": 170.0,
            "mean": 24.705882352941178,
            "std": 18.98228606169681,
            "min": 3.0,
            "25%": 12.0,
            "50%": 19.0,
            "75%": 30.0,
            "max": 70.0
        },
        "total_distance": {
            "count": 170.0,
            "mean": 553.4823529411765,
            "std": 265.07235193008063,
            "min": 130.0,
            "25%": 355.0,
            "50%": 501.0,
            "75%": 697.5,
            "max": 1230.0
        },
        "execution_time": {
            "count": 170.0,
            "mean": 5.979943471796372,
            "std": 6.418119819837101,
            "min": 0.023288965225219727,
            "25%": 0.0703805685043335,
            "50%": 5.80364453792572,
            "75%": 9.830968022346497,
            "max": 35.9930579662323
        }
    },
    "algorithm_counts": {
        "Simmulated Annealing": 80,
        "Dynamic Programming": 50,
        "Brute Force": 40
    },
    "average_total_distance": 553.4823529411765,
    "average_execution_time": 5.979943471796372,
    "correlation_num_products_total_distance": 0.974011206368696,
    "correlation_num_products_execution_time": 0.8430095429772622,
    "percentage_following_regla_de_oro": 100.0,
    "average_execution_time_per_algorithm": {
        "Brute Force": 0.026488888263702392,
        "Dynamic Programming": 3.8514516353607178,
        "Simmulated Annealing": 10.286978161334991
    },
    "number_of_gondolas (nodes)": 150,
    "total_number_of_products": 444
}